{
    "providers": {
        "awscloudformation": {
            "AuthRoleName": "amplify-bankapplication-app-150551-authRole",
            "UnauthRoleArn": "arn:aws:iam::019777421181:role/amplify-bankapplication-app-150551-unauthRole",
            "AuthRoleArn": "arn:aws:iam::019777421181:role/amplify-bankapplication-app-150551-authRole",
            "Region": "us-east-2",
            "DeploymentBucketName": "amplify-bankapplication-app-150551-deployment",
            "UnauthRoleName": "amplify-bankapplication-app-150551-unauthRole",
            "StackName": "amplify-bankapplication-app-150551",
            "StackId": "arn:aws:cloudformation:us-east-2:019777421181:stack/amplify-bankapplication-app-150551/963cca20-9a57-11ea-8888-0a22cca2ed82",
            "AmplifyAppId": "d29f8fcu0s4ib3"
        }
    }
}