{
    "auth": {
        "bankapplication111617e2": {
            "service": "Cognito",
            "providerPlugin": "awscloudformation",
            "dependsOn": []
        },
        "userPoolGroups": {
            "service": "Cognito-UserPool-Groups",
            "providerPlugin": "awscloudformation",
            "dependsOn": [
                {
                    "category": "auth",
                    "resourceName": "bankapplication111617e2",
                    "attributes": [
                        "UserPoolId",
                        "AppClientIDWeb",
                        "AppClientID",
                        "IdentityPoolId"
                    ]
                }
            ]
        }
    },
    "api": {
        "AdminQueries": {
            "service": "API Gateway",
            "providerPlugin": "awscloudformation",
            "dependsOn": [
                {
                    "category": "auth",
                    "resourceName": "bankapplication111617e2",
                    "attributes": [
                        "UserPoolId"
                    ]
                },
                {
                    "category": "function",
                    "resourceName": "AdminQueries325ca9bb",
                    "attributes": [
                        "Arn",
                        "Name"
                    ]
                }
            ]
        }
    },
    "hosting": {
        "amplifyhosting": {
            "service": "amplifyhosting",
            "type": "cicd"
        }
    },
    "function": {
        "AdminQueries325ca9bb": {
            "service": "Lambda",
            "providerPlugin": "awscloudformation",
            "build": true,
            "dependsOn": [
                {
                    "category": "auth",
                    "resourceName": "bankapplication111617e2",
                    "attributes": [
                        "UserPoolId"
                    ]
                }
            ]
        }
    }
}